{
  "$schema": "../node_modules/@tauri-apps/cli/config.schema.json",
  "productName": "PowerSync",
  "version": "0.1.0",
  "identifier": "com.powersync.app",
  "build": {
    "frontendDist": "../dist",
    "devUrl": "http://localhost:5173",
    "beforeDevCommand": "npm run dev",
    "beforeBuildCommand": "npm run build"
  },
  "app": {
    "windows": [
      {
        "title": "PowerSync - Smart Power Management",
        "width": 1400,
        "height": 900,
        "minWidth": 1000,
        "minHeight": 700,
        "resizable": true,
        "fullscreen": false,
        "center": true
      }
    ],
    "security": {
      "csp": "default-src 'self'; connect-src 'self' http://localhost:8000; style-src 'self' 'unsafe-inline' https://fonts.googleapis.com; font-src 'self' https://fonts.gstatic.com"
    }
  },
  "bundle": {
    "active": true,
    "targets": "all",
    "icon": [
      "icons/32x32.png",
      "icons/128x128.png",
      "icons/128x128@2x.png",
      "icons/icon.icns",
      "icons/icon.ico"
    ]
  }
}